period,year,month,mortgage_5y_posted_rate_pct,series_id,source_url
1973-01,1973,1,9.0,V122521,https://www.bankofcanada.ca/wp-content/uploads/2010/09/selected_historical_v122521.pdf
1973-02,1973,2,9.0,V122521,https://www.bankofcanada.ca/wp-content/uploads/2010/09/selected_historical_v122521.pdf
1973-03,1973,3,9.0,V122521,https://www.bankofcanada.ca/wp-content/uploads/2010/09/selected_historical_v122521.pdf
1973-04,1973,4,9.25,V122521,https://www.bankofcanada.ca/wp-content/uploads/2010/09/selected_historical_v122521.pdf
1973-05,1973,5,9.25,V122521,https://www.bankofcanada.ca/wp-content/uploads/2010/09/selected_historical_v122521.pdf
1973-06,1973,6,9.5,V122521,https://www.bankofcanada.ca/wp-content/uploads/2010/09/selected_historical_v122521.pdf
1973-07,1973,7,9.75,V122521,https://www.bankofcanada.ca/wp-content/uploads/2010/09/selected_historical_v122521.pdf
1973-08,1973,8,9.75,V122521,https://www.bankofcanada.ca/wp-content/uploads/2010/09/selected_historical_v122521.pdf
1973-09,1973,9,10.0,V122521,https://www.bankofcanada.ca/wp-content/uploads/2010/09/selected_historical_v122521.pdf
1973-10,1973,10,10.0,V122521,https://www.bankofcanada.ca/wp-content/uploads/2010/09/selected_historical_v122521.pdf
1973-11,1973,11,10.0,V122521,https://www.bankofcanada.ca/wp-content/uploads/2010/09/selected_historical_v122521.pdf
1973-12,1973,12,10.25,V122521,https://www.bankofcanada.ca/wp-content/uploads/2010/09/selected_historical_v122521.pdf
1974-01,1974,1,10.0,V122521,https://www.bankofcanada.ca/wp-content/uploads/2010/09/selected_historical_v122521.pdf
1974-02,1974,2,10.0,V122521,https://www.bankofcanada.ca/wp-content/uploads/2010/09/selected_historical_v122521.pdf
1974-03,1974,3,10.0,V122521,https://www.bankofcanada.ca/wp-content/uploads/2010/09/selected_historical_v122521.pdf
1974-04,1974,4,10.5,V122521,https://www.bankofcanada.ca/wp-content/uploads/2010/09/selected_historical_v122521.pdf
1974-05,1974,5,11.5,V122521,https://www.bankofcanada.ca/wp-content/uploads/2010/09/selected_historical_v122521.pdf
1974-06,1974,6,11.5,V122521,https://www.bankofcanada.ca/wp-content/uploads/2010/09/selected_historical_v122521.pdf
1974-07,1974,7,11.5,V122521,https://www.bankofcanada.ca/wp-content/uploads/2010/09/selected_historical_v122521.pdf
1974-08,1974,8,11.75,V122521,https://www.bankofcanada.ca/wp-content/uploads/2010/09/selected_historical_v122521.pdf
1974-09,1974,9,12.0,V122521,https://www.bankofcanada.ca/wp-content/uploads/2010/09/selected_historical_v122521.pdf
1974-10,1974,10,12.0,V122521,https://www.bankofcanada.ca/wp-content/uploads/2010/09/selected_historical_v122521.pdf
1974-11,1974,11,12.0,V122521,https://www.bankofcanada.ca/wp-content/uploads/2010/09/selected_historical_v122521.pdf
1974-12,1974,12,12.0,V122521,https://www.bankofcanada.ca/wp-content/uploads/2010/09/selected_historical_v122521.pdf
1975-01,1975,1,12.0,V122521,https://www.bankofcanada.ca/wp-content/uploads/2010/09/selected_historical_v122521.pdf
1975-02,1975,2,10.75,V122521,https://www.bankofcanada.ca/wp-content/uploads/2010/09/selected_historical_v122521.pdf
1975-03,1975,3,10.5,V122521,https://www.bankofcanada.ca/wp-content/uploads/2010/09/selected_historical_v122521.pdf
1975-04,1975,4,10.75,V122521,https://www.bankofcanada.ca/wp-content/uploads/2010/09/selected_historical_v122521.pdf
1975-05,1975,5,11.0,V122521,https://www.bankofcanada.ca/wp-content/uploads/2010/09/selected_historical_v122521.pdf
1975-06,1975,6,11.0,V122521,https://www.bankofcanada.ca/wp-content/uploads/2010/09/selected_historical_v122521.pdf
1975-07,1975,7,11.25,V122521,https://www.bankofcanada.ca/wp-content/uploads/2010/09/selected_historical_v122521.pdf
1975-08,1975,8,11.5,V122521,https://www.bankofcanada.ca/wp-content/uploads/2010/09/selected_historical_v122521.pdf
1975-09,1975,9,11.75,V122521,https://www.bankofcanada.ca/wp-content/uploads/2010/09/selected_historical_v122521.pdf
1975-10,1975,10,12.0,V122521,https://www.bankofcanada.ca/wp-content/uploads/2010/09/selected_historical_v122521.pdf
1975-11,1975,11,12.0,V122521,https://www.bankofcanada.ca/wp-content/uploads/2010/09/selected_historical_v122521.pdf
1975-12,1975,12,12.0,V122521,https://www.bankofcanada.ca/wp-content/uploads/2010/09/selected_historical_v122521.pdf
1976-01,1976,1,12.0,V122521,https://www.bankofcanada.ca/wp-content/uploads/2010/09/selected_historical_v122521.pdf
1976-02,1976,2,11.75,V122521,https://www.bankofcanada.ca/wp-content/uploads/2010/09/selected_historical_v122521.pdf
1976-03,1976,3,11.75,V122521,https://www.bankofcanada.ca/wp-content/uploads/2010/09/selected_historical_v122521.pdf
1976-04,1976,4,12.0,V122521,https://www.bankofcanada.ca/wp-content/uploads/2010/09/selected_historical_v122521.pdf
1976-05,1976,5,12.0,V122521,https://www.bankofcanada.ca/wp-content/uploads/2010/09/selected_historical_v122521.pdf
1976-06,1976,6,12.0,V122521,https://www.bankofcanada.ca/wp-content/uploads/2010/09/selected_historical_v122521.pdf
1976-07,1976,7,12.0,V122521,https://www.bankofcanada.ca/wp-content/uploads/2010/09/selected_historical_v122521.pdf
1976-08,1976,8,12.0,V122521,https://www.bankofcanada.ca/wp-content/uploads/2010/09/selected_historical_v122521.pdf
1976-09,1976,9,11.75,V122521,https://www.bankofcanada.ca/wp-content/uploads/2010/09/selected_historical_v122521.pdf
1976-10,1976,10,11.75,V122521,https://www.bankofcanada.ca/wp-content/uploads/2010/09/selected_historical_v122521.pdf
1976-11,1976,11,11.25,V122521,https://www.bankofcanada.ca/wp-content/uploads/2010/09/selected_historical_v122521.pdf
1976-12,1976,12,10.75,V122521,https://www.bankofcanada.ca/wp-content/uploads/2010/09/selected_historical_v122521.pdf
1977-01,1977,1,10.75,V122521,https://www.bankofcanada.ca/wp-content/uploads/2010/09/selected_historical_v122521.pdf
1977-02,1977,2,10.25,V122521,https://www.bankofcanada.ca/wp-content/uploads/2010/09/selected_historical_v122521.pdf
1977-03,1977,3,10.25,V122521,https://www.bankofcanada.ca/wp-content/uploads/2010/09/selected_historical_v122521.pdf
1977-04,1977,4,10.25,V122521,https://www.bankofcanada.ca/wp-content/uploads/2010/09/selected_historical_v122521.pdf
1977-05,1977,5,10.25,V122521,https://www.bankofcanada.ca/wp-content/uploads/2010/09/selected_historical_v122521.pdf
1977-06,1977,6,10.25,V122521,https://www.bankofcanada.ca/wp-content/uploads/2010/09/selected_historical_v122521.pdf
1977-07,1977,7,10.25,V122521,https://www.bankofcanada.ca/wp-content/uploads/2010/09/selected_historical_v122521.pdf
1977-08,1977,8,10.25,V122521,https://www.bankofcanada.ca/wp-content/uploads/2010/09/selected_historical_v122521.pdf
1977-09,1977,9,10.25,V122521,https://www.bankofcanada.ca/wp-content/uploads/2010/09/selected_historical_v122521.pdf
1977-10,1977,10,10.25,V122521,https://www.bankofcanada.ca/wp-content/uploads/2010/09/selected_historical_v122521.pdf
1977-11,1977,11,10.25,V122521,https://www.bankofcanada.ca/wp-content/uploads/2010/09/selected_historical_v122521.pdf
1977-12,1977,12,10.25,V122521,https://www.bankofcanada.ca/wp-content/uploads/2010/09/selected_historical_v122521.pdf
1978-01,1978,1,10.25,V122521,https://www.bankofcanada.ca/wp-content/uploads/2010/09/selected_historical_v122521.pdf
1978-02,1978,2,10.25,V122521,https://www.bankofcanada.ca/wp-content/uploads/2010/09/selected_historical_v122521.pdf
1978-03,1978,3,10.25,V122521,https://www.bankofcanada.ca/wp-content/uploads/2010/09/selected_historical_v122521.pdf
1978-04,1978,4,10.25,V122521,https://www.bankofcanada.ca/wp-content/uploads/2010/09/selected_historical_v122521.pdf
1978-05,1978,5,10.25,V122521,https://www.bankofcanada.ca/wp-content/uploads/2010/09/selected_historical_v122521.pdf
1978-06,1978,6,10.25,V122521,https://www.bankofcanada.ca/wp-content/uploads/2010/09/selected_historical_v122521.pdf
1978-07,1978,7,10.25,V122521,https://www.bankofcanada.ca/wp-content/uploads/2010/09/selected_historical_v122521.pdf
1978-08,1978,8,10.25,V122521,https://www.bankofcanada.ca/wp-content/uploads/2010/09/selected_historical_v122521.pdf
1978-09,1978,9,10.75,V122521,https://www.bankofcanada.ca/wp-content/uploads/2010/09/selected_historical_v122521.pdf
1978-10,1978,10,11.25,V122521,https://www.bankofcanada.ca/wp-content/uploads/2010/09/selected_historical_v122521.pdf
1978-11,1978,11,11.25,V122521,https://www.bankofcanada.ca/wp-content/uploads/2010/09/selected_historical_v122521.pdf
1978-12,1978,12,11.25,V122521,https://www.bankofcanada.ca/wp-content/uploads/2010/09/selected_historical_v122521.pdf
1979-01,1979,1,11.25,V122521,https://www.bankofcanada.ca/wp-content/uploads/2010/09/selected_historical_v122521.pdf
1979-02,1979,2,11.25,V122521,https://www.bankofcanada.ca/wp-content/uploads/2010/09/selected_historical_v122521.pdf
1979-03,1979,3,11.0,V122521,https://www.bankofcanada.ca/wp-content/uploads/2010/09/selected_historical_v122521.pdf
1979-04,1979,4,11.0,V122521,https://www.bankofcanada.ca/wp-content/uploads/2010/09/selected_historical_v122521.pdf
1979-05,1979,5,11.25,V122521,https://www.bankofcanada.ca/wp-content/uploads/2010/09/selected_historical_v122521.pdf
1979-06,1979,6,11.25,V122521,https://www.bankofcanada.ca/wp-content/uploads/2010/09/selected_historical_v122521.pdf
1979-07,1979,7,11.75,V122521,https://www.bankofcanada.ca/wp-content/uploads/2010/09/selected_historical_v122521.pdf
1979-08,1979,8,12.0,V122521,https://www.bankofcanada.ca/wp-content/uploads/2010/09/selected_historical_v122521.pdf
1979-09,1979,9,12.75,V122521,https://www.bankofcanada.ca/wp-content/uploads/2010/09/selected_historical_v122521.pdf
1979-10,1979,10,14.75,V122521,https://www.bankofcanada.ca/wp-content/uploads/2010/09/selected_historical_v122521.pdf
1979-11,1979,11,14.75,V122521,https://www.bankofcanada.ca/wp-content/uploads/2010/09/selected_historical_v122521.pdf
1979-12,1979,12,13.25,V122521,https://www.bankofcanada.ca/wp-content/uploads/2010/09/selected_historical_v122521.pdf
1980-01,1980,1,13.25,V122521,https://www.bankofcanada.ca/wp-content/uploads/2010/09/selected_historical_v122521.pdf
1980-02,1980,2,14.5,V122521,https://www.bankofcanada.ca/wp-content/uploads/2010/09/selected_historical_v122521.pdf
1980-03,1980,3,15.75,V122521,https://www.bankofcanada.ca/wp-content/uploads/2010/09/selected_historical_v122521.pdf
1980-04,1980,4,16.75,V122521,https://www.bankofcanada.ca/wp-content/uploads/2010/09/selected_historical_v122521.pdf
1980-05,1980,5,13.0,V122521,https://www.bankofcanada.ca/wp-content/uploads/2010/09/selected_historical_v122521.pdf
1980-06,1980,6,13.0,V122521,https://www.bankofcanada.ca/wp-content/uploads/2010/09/selected_historical_v122521.pdf
1980-07,1980,7,13.5,V122521,https://www.bankofcanada.ca/wp-content/uploads/2010/09/selected_historical_v122521.pdf
1980-08,1980,8,14.0,V122521,https://www.bankofcanada.ca/wp-content/uploads/2010/09/selected_historical_v122521.pdf
1980-09,1980,9,14.5,V122521,https://www.bankofcanada.ca/wp-content/uploads/2010/09/selected_historical_v122521.pdf
1980-10,1980,10,15.0,V122521,https://www.bankofcanada.ca/wp-content/uploads/2010/09/selected_historical_v122521.pdf
1980-11,1980,11,15.0,V122521,https://www.bankofcanada.ca/wp-content/uploads/2010/09/selected_historical_v122521.pdf
1980-12,1980,12,16.0,V122521,https://www.bankofcanada.ca/wp-content/uploads/2010/09/selected_historical_v122521.pdf
1981-01,1981,1,15.5,V122521,https://www.bankofcanada.ca/wp-content/uploads/2010/09/selected_historical_v122521.pdf
1981-02,1981,2,15.5,V122521,https://www.bankofcanada.ca/wp-content/uploads/2010/09/selected_historical_v122521.pdf
1981-03,1981,3,16.0,V122521,https://www.bankofcanada.ca/wp-content/uploads/2010/09/selected_historical_v122521.pdf
1981-04,1981,4,17.0,V122521,https://www.bankofcanada.ca/wp-content/uploads/2010/09/selected_historical_v122521.pdf
1981-05,1981,5,18.5,V122521,https://www.bankofcanada.ca/wp-content/uploads/2010/09/selected_historical_v122521.pdf
1981-06,1981,6,18.75,V122521,https://www.bankofcanada.ca/wp-content/uploads/2010/09/selected_historical_v122521.pdf
1981-07,1981,7,20.0,V122521,https://www.bankofcanada.ca/wp-content/uploads/2010/09/selected_historical_v122521.pdf
1981-08,1981,8,21.75,V122521,https://www.bankofcanada.ca/wp-content/uploads/2010/09/selected_historical_v122521.pdf
1981-09,1981,9,21.75,V122521,https://www.bankofcanada.ca/wp-content/uploads/2010/09/selected_historical_v122521.pdf
1981-10,1981,10,20.25,V122521,https://www.bankofcanada.ca/wp-content/uploads/2010/09/selected_historical_v122521.pdf
1981-11,1981,11,17.75,V122521,https://www.bankofcanada.ca/wp-content/uploads/2010/09/selected_historical_v122521.pdf
1981-12,1981,12,17.75,V122521,https://www.bankofcanada.ca/wp-content/uploads/2010/09/selected_historical_v122521.pdf
1982-01,1982,1,18.75,V122521,https://www.bankofcanada.ca/wp-content/uploads/2010/09/selected_historical_v122521.pdf
1982-02,1982,2,19.5,V122521,https://www.bankofcanada.ca/wp-content/uploads/2010/09/selected_historical_v122521.pdf
1982-03,1982,3,19.5,V122521,https://www.bankofcanada.ca/wp-content/uploads/2010/09/selected_historical_v122521.pdf
1982-04,1982,4,19.5,V122521,https://www.bankofcanada.ca/wp-content/uploads/2010/09/selected_historical_v122521.pdf
1982-05,1982,5,19.5,V122521,https://www.bankofcanada.ca/wp-content/uploads/2010/09/selected_historical_v122521.pdf
1982-06,1982,6,19.75,V122521,https://www.bankofcanada.ca/wp-content/uploads/2010/09/selected_historical_v122521.pdf
1982-07,1982,7,19.25,V122521,https://www.bankofcanada.ca/wp-content/uploads/2010/09/selected_historical_v122521.pdf
1982-08,1982,8,18.25,V122521,https://www.bankofcanada.ca/wp-content/uploads/2010/09/selected_historical_v122521.pdf
1982-09,1982,9,17.25,V122521,https://www.bankofcanada.ca/wp-content/uploads/2010/09/selected_historical_v122521.pdf
1982-10,1982,10,15.75,V122521,https://www.bankofcanada.ca/wp-content/uploads/2010/09/selected_historical_v122521.pdf
1982-11,1982,11,14.75,V122521,https://www.bankofcanada.ca/wp-content/uploads/2010/09/selected_historical_v122521.pdf
1982-12,1982,12,14.75,V122521,https://www.bankofcanada.ca/wp-content/uploads/2010/09/selected_historical_v122521.pdf
1983-01,1983,1,13.5,V122521,https://www.bankofcanada.ca/wp-content/uploads/2010/09/selected_historical_v122521.pdf
1983-02,1983,2,13.5,V122521,https://www.bankofcanada.ca/wp-content/uploads/2010/09/selected_historical_v122521.pdf
1983-03,1983,3,13.5,V122521,https://www.bankofcanada.ca/wp-content/uploads/2010/09/selected_historical_v122521.pdf
1983-04,1983,4,13.25,V122521,https://www.bankofcanada.ca/wp-content/uploads/2010/09/selected_historical_v122521.pdf
1983-05,1983,5,13.0,V122521,https://www.bankofcanada.ca/wp-content/uploads/2010/09/selected_historical_v122521.pdf
1983-06,1983,6,13.0,V122521,https://www.bankofcanada.ca/wp-content/uploads/2010/09/selected_historical_v122521.pdf
1983-07,1983,7,13.5,V122521,https://www.bankofcanada.ca/wp-content/uploads/2010/09/selected_historical_v122521.pdf
1983-08,1983,8,14.0,V122521,https://www.bankofcanada.ca/wp-content/uploads/2010/09/selected_historical_v122521.pdf
1983-09,1983,9,13.5,V122521,https://www.bankofcanada.ca/wp-content/uploads/2010/09/selected_historical_v122521.pdf
1983-10,1983,10,13.0,V122521,https://www.bankofcanada.ca/wp-content/uploads/2010/09/selected_historical_v122521.pdf
1983-11,1983,11,12.5,V122521,https://www.bankofcanada.ca/wp-content/uploads/2010/09/selected_historical_v122521.pdf
1983-12,1983,12,12.5,V122521,https://www.bankofcanada.ca/wp-content/uploads/2010/09/selected_historical_v122521.pdf
1984-01,1984,1,12.5,V122521,https://www.bankofcanada.ca/wp-content/uploads/2010/09/selected_historical_v122521.pdf
1984-02,1984,2,12.5,V122521,https://www.bankofcanada.ca/wp-content/uploads/2010/09/selected_historical_v122521.pdf
1984-03,1984,3,13.25,V122521,https://www.bankofcanada.ca/wp-content/uploads/2010/09/selected_historical_v122521.pdf
1984-04,1984,4,13.5,V122521,https://www.bankofcanada.ca/wp-content/uploads/2010/09/selected_historical_v122521.pdf
1984-05,1984,5,14.5,V122521,https://www.bankofcanada.ca/wp-content/uploads/2010/09/selected_historical_v122521.pdf
1984-06,1984,6,14.5,V122521,https://www.bankofcanada.ca/wp-content/uploads/2010/09/selected_historical_v122521.pdf
1984-07,1984,7,15.25,V122521,https://www.bankofcanada.ca/wp-content/uploads/2010/09/selected_historical_v122521.pdf
1984-08,1984,8,14.25,V122521,https://www.bankofcanada.ca/wp-content/uploads/2010/09/selected_historical_v122521.pdf
1984-09,1984,9,13.75,V122521,https://www.bankofcanada.ca/wp-content/uploads/2010/09/selected_historical_v122521.pdf
1984-10,1984,10,13.5,V122521,https://www.bankofcanada.ca/wp-content/uploads/2010/09/selected_historical_v122521.pdf
1984-11,1984,11,13.0,V122521,https://www.bankofcanada.ca/wp-content/uploads/2010/09/selected_historical_v122521.pdf
1984-12,1984,12,12.5,V122521,https://www.bankofcanada.ca/wp-content/uploads/2010/09/selected_historical_v122521.pdf
1985-01,1985,1,12.25,V122521,https://www.bankofcanada.ca/wp-content/uploads/2010/09/selected_historical_v122521.pdf
1985-02,1985,2,13.25,V122521,https://www.bankofcanada.ca/wp-content/uploads/2010/09/selected_historical_v122521.pdf
1985-03,1985,3,13.25,V122521,https://www.bankofcanada.ca/wp-content/uploads/2010/09/selected_historical_v122521.pdf
1985-04,1985,4,12.5,V122521,https://www.bankofcanada.ca/wp-content/uploads/2010/09/selected_historical_v122521.pdf
1985-05,1985,5,12.25,V122521,https://www.bankofcanada.ca/wp-content/uploads/2010/09/selected_historical_v122521.pdf
1985-06,1985,6,11.75,V122521,https://www.bankofcanada.ca/wp-content/uploads/2010/09/selected_historical_v122521.pdf
1985-07,1985,7,11.75,V122521,https://www.bankofcanada.ca/wp-content/uploads/2010/09/selected_historical_v122521.pdf
1985-08,1985,8,11.75,V122521,https://www.bankofcanada.ca/wp-content/uploads/2010/09/selected_historical_v122521.pdf
1985-09,1985,9,11.75,V122521,https://www.bankofcanada.ca/wp-content/uploads/2010/09/selected_historical_v122521.pdf
1985-10,1985,10,11.75,V122521,https://www.bankofcanada.ca/wp-content/uploads/2010/09/selected_historical_v122521.pdf
1985-11,1985,11,11.75,V122521,https://www.bankofcanada.ca/wp-content/uploads/2010/09/selected_historical_v122521.pdf
1985-12,1985,12,11.5,V122521,https://www.bankofcanada.ca/wp-content/uploads/2010/09/selected_historical_v122521.pdf
1986-01,1986,1,11.75,V122521,https://www.bankofcanada.ca/wp-content/uploads/2010/09/selected_historical_v122521.pdf
1986-02,1986,2,12.0,V122521,https://www.bankofcanada.ca/wp-content/uploads/2010/09/selected_historical_v122521.pdf
1986-03,1986,3,11.5,V122521,https://www.bankofcanada.ca/wp-content/uploads/2010/09/selected_historical_v122521.pdf
1986-04,1986,4,11.0,V122521,https://www.bankofcanada.ca/wp-content/uploads/2010/09/selected_historical_v122521.pdf
1986-05,1986,5,10.5,V122521,https://www.bankofcanada.ca/wp-content/uploads/2010/09/selected_historical_v122521.pdf
1986-06,1986,6,11.0,V122521,https://www.bankofcanada.ca/wp-content/uploads/2010/09/selected_historical_v122521.pdf
1986-07,1986,7,11.0,V122521,https://www.bankofcanada.ca/wp-content/uploads/2010/09/selected_historical_v122521.pdf
1986-08,1986,8,11.0,V122521,https://www.bankofcanada.ca/wp-content/uploads/2010/09/selected_historical_v122521.pdf
1986-09,1986,9,11.25,V122521,https://www.bankofcanada.ca/wp-content/uploads/2010/09/selected_historical_v122521.pdf
1986-10,1986,10,11.25,V122521,https://www.bankofcanada.ca/wp-content/uploads/2010/09/selected_historical_v122521.pdf
1986-11,1986,11,11.25,V122521,https://www.bankofcanada.ca/wp-content/uploads/2010/09/selected_historical_v122521.pdf
1986-12,1986,12,11.0,V122521,https://www.bankofcanada.ca/wp-content/uploads/2010/09/selected_historical_v122521.pdf
1987-01,1987,1,10.5,V122521,https://www.bankofcanada.ca/wp-content/uploads/2010/09/selected_historical_v122521.pdf
1987-02,1987,2,10.5,V122521,https://www.bankofcanada.ca/wp-content/uploads/2010/09/selected_historical_v122521.pdf
1987-03,1987,3,10.0,V122521,https://www.bankofcanada.ca/wp-content/uploads/2010/09/selected_historical_v122521.pdf
1987-04,1987,4,11.0,V122521,https://www.bankofcanada.ca/wp-content/uploads/2010/09/selected_historical_v122521.pdf
1987-05,1987,5,11.25,V122521,https://www.bankofcanada.ca/wp-content/uploads/2010/09/selected_historical_v122521.pdf
1987-06,1987,6,11.25,V122521,https://www.bankofcanada.ca/wp-content/uploads/2010/09/selected_historical_v122521.pdf
1987-07,1987,7,11.25,V122521,https://www.bankofcanada.ca/wp-content/uploads/2010/09/selected_historical_v122521.pdf
1987-08,1987,8,11.5,V122521,https://www.bankofcanada.ca/wp-content/uploads/2010/09/selected_historical_v122521.pdf
1987-09,1987,9,12.0,V122521,https://www.bankofcanada.ca/wp-content/uploads/2010/09/selected_historical_v122521.pdf
1987-10,1987,10,11.5,V122521,https://www.bankofcanada.ca/wp-content/uploads/2010/09/selected_historical_v122521.pdf
1987-11,1987,11,11.5,V122521,https://www.bankofcanada.ca/wp-content/uploads/2010/09/selected_historical_v122521.pdf
1987-12,1987,12,11.75,V122521,https://www.bankofcanada.ca/wp-content/uploads/2010/09/selected_historical_v122521.pdf
1988-01,1988,1,11.75,V122521,https://www.bankofcanada.ca/wp-content/uploads/2010/09/selected_historical_v122521.pdf
1988-02,1988,2,11.5,V122521,https://www.bankofcanada.ca/wp-content/uploads/2010/09/selected_historical_v122521.pdf
1988-03,1988,3,11.0,V122521,https://www.bankofcanada.ca/wp-content/uploads/2010/09/selected_historical_v122521.pdf
1988-04,1988,4,11.25,V122521,https://www.bankofcanada.ca/wp-content/uploads/2010/09/selected_historical_v122521.pdf
1988-05,1988,5,11.25,V122521,https://www.bankofcanada.ca/wp-content/uploads/2010/09/selected_historical_v122521.pdf
1988-06,1988,6,11.25,V122521,https://www.bankofcanada.ca/wp-content/uploads/2010/09/selected_historical_v122521.pdf
1988-07,1988,7,11.75,V122521,https://www.bankofcanada.ca/wp-content/uploads/2010/09/selected_historical_v122521.pdf
1988-08,1988,8,12.25,V122521,https://www.bankofcanada.ca/wp-content/uploads/2010/09/selected_historical_v122521.pdf
1988-09,1988,9,11.75,V122521,https://www.bankofcanada.ca/wp-content/uploads/2010/09/selected_historical_v122521.pdf
1988-10,1988,10,11.75,V122521,https://www.bankofcanada.ca/wp-content/uploads/2010/09/selected_historical_v122521.pdf
1988-11,1988,11,12.0,V122521,https://www.bankofcanada.ca/wp-content/uploads/2010/09/selected_historical_v122521.pdf
1988-12,1988,12,12.25,V122521,https://www.bankofcanada.ca/wp-content/uploads/2010/09/selected_historical_v122521.pdf
1989-01,1989,1,12.25,V122521,https://www.bankofcanada.ca/wp-content/uploads/2010/09/selected_historical_v122521.pdf
1989-02,1989,2,12.25,V122521,https://www.bankofcanada.ca/wp-content/uploads/2010/09/selected_historical_v122521.pdf
1989-03,1989,3,12.75,V122521,https://www.bankofcanada.ca/wp-content/uploads/2010/09/selected_historical_v122521.pdf
1989-04,1989,4,12.75,V122521,https://www.bankofcanada.ca/wp-content/uploads/2010/09/selected_historical_v122521.pdf
1989-05,1989,5,12.0,V122521,https://www.bankofcanada.ca/wp-content/uploads/2010/09/selected_historical_v122521.pdf
1989-06,1989,6,12.0,V122521,https://www.bankofcanada.ca/wp-content/uploads/2010/09/selected_historical_v122521.pdf
1989-07,1989,7,11.75,V122521,https://www.bankofcanada.ca/wp-content/uploads/2010/09/selected_historical_v122521.pdf
1989-08,1989,8,11.75,V122521,https://www.bankofcanada.ca/wp-content/uploads/2010/09/selected_historical_v122521.pdf
1989-09,1989,9,11.75,V122521,https://www.bankofcanada.ca/wp-content/uploads/2010/09/selected_historical_v122521.pdf
1989-10,1989,10,11.75,V122521,https://www.bankofcanada.ca/wp-content/uploads/2010/09/selected_historical_v122521.pdf
1989-11,1989,11,11.75,V122521,https://www.bankofcanada.ca/wp-content/uploads/2010/09/selected_historical_v122521.pdf
1989-12,1989,12,12.0,V122521,https://www.bankofcanada.ca/wp-content/uploads/2010/09/selected_historical_v122521.pdf
1990-01,1990,1,12.0,V122521,https://www.bankofcanada.ca/wp-content/uploads/2010/09/selected_historical_v122521.pdf
1990-02,1990,2,12.75,V122521,https://www.bankofcanada.ca/wp-content/uploads/2010/09/selected_historical_v122521.pdf
1990-03,1990,3,13.25,V122521,https://www.bankofcanada.ca/wp-content/uploads/2010/09/selected_historical_v122521.pdf
1990-04,1990,4,14.25,V122521,https://www.bankofcanada.ca/wp-content/uploads/2010/09/selected_historical_v122521.pdf
1990-05,1990,5,14.25,V122521,https://www.bankofcanada.ca/wp-content/uploads/2010/09/selected_historical_v122521.pdf
1990-06,1990,6,14.25,V122521,https://www.bankofcanada.ca/wp-content/uploads/2010/09/selected_historical_v122521.pdf
1990-07,1990,7,14.25,V122521,https://www.bankofcanada.ca/wp-content/uploads/2010/09/selected_historical_v122521.pdf
1990-08,1990,8,13.5,V122521,https://www.bankofcanada.ca/wp-content/uploads/2010/09/selected_historical_v122521.pdf
1990-09,1990,9,13.25,V122521,https://www.bankofcanada.ca/wp-content/uploads/2010/09/selected_historical_v122521.pdf
1990-10,1990,10,13.25,V122521,https://www.bankofcanada.ca/wp-content/uploads/2010/09/selected_historical_v122521.pdf
1990-11,1990,11,12.75,V122521,https://www.bankofcanada.ca/wp-content/uploads/2010/09/selected_historical_v122521.pdf
1990-12,1990,12,12.5,V122521,https://www.bankofcanada.ca/wp-content/uploads/2010/09/selected_historical_v122521.pdf
1991-01,1991,1,12.0,V122521,https://www.bankofcanada.ca/wp-content/uploads/2010/09/selected_historical_v122521.pdf
1991-02,1991,2,11.5,V122521,https://www.bankofcanada.ca/wp-content/uploads/2010/09/selected_historical_v122521.pdf
1991-03,1991,3,11.5,V122521,https://www.bankofcanada.ca/wp-content/uploads/2010/09/selected_historical_v122521.pdf
1991-04,1991,4,11.25,V122521,https://www.bankofcanada.ca/wp-content/uploads/2010/09/selected_historical_v122521.pdf
1991-05,1991,5,11.25,V122521,https://www.bankofcanada.ca/wp-content/uploads/2010/09/selected_historical_v122521.pdf
1991-06,1991,6,11.25,V122521,https://www.bankofcanada.ca/wp-content/uploads/2010/09/selected_historical_v122521.pdf
1991-07,1991,7,11.5,V122521,https://www.bankofcanada.ca/wp-content/uploads/2010/09/selected_historical_v122521.pdf
1991-08,1991,8,11.5,V122521,https://www.bankofcanada.ca/wp-content/uploads/2010/09/selected_historical_v122521.pdf
1991-09,1991,9,11.25,V122521,https://www.bankofcanada.ca/wp-content/uploads/2010/09/selected_historical_v122521.pdf
1991-10,1991,10,10.75,V122521,https://www.bankofcanada.ca/wp-content/uploads/2010/09/selected_historical_v122521.pdf
1991-11,1991,11,9.9,V122521,https://www.bankofcanada.ca/wp-content/uploads/2010/09/selected_historical_v122521.pdf
1991-12,1991,12,9.9,V122521,https://www.bankofcanada.ca/wp-content/uploads/2010/09/selected_historical_v122521.pdf
1992-01,1992,1,9.75,V122521,https://www.bankofcanada.ca/wp-content/uploads/2010/09/selected_historical_v122521.pdf
1992-02,1992,2,9.75,V122521,https://www.bankofcanada.ca/wp-content/uploads/2010/09/selected_historical_v122521.pdf
1992-03,1992,3,10.5,V122521,https://www.bankofcanada.ca/wp-content/uploads/2010/09/selected_historical_v122521.pdf
1992-04,1992,4,10.25,V122521,https://www.bankofcanada.ca/wp-content/uploads/2010/09/selected_historical_v122521.pdf
1992-05,1992,5,9.9,V122521,https://www.bankofcanada.ca/wp-content/uploads/2010/09/selected_historical_v122521.pdf
1992-06,1992,6,9.63,V122521,https://www.bankofcanada.ca/wp-content/uploads/2010/09/selected_historical_v122521.pdf
1992-07,1992,7,8.88,V122521,https://www.bankofcanada.ca/wp-content/uploads/2010/09/selected_historical_v122521.pdf
1992-08,1992,8,8.75,V122521,https://www.bankofcanada.ca/wp-content/uploads/2010/09/selected_historical_v122521.pdf
1992-09,1992,9,8.5,V122521,https://www.bankofcanada.ca/wp-content/uploads/2010/09/selected_historical_v122521.pdf
1992-10,1992,10,9.25,V122521,https://www.bankofcanada.ca/wp-content/uploads/2010/09/selected_historical_v122521.pdf
1992-11,1992,11,9.5,V122521,https://www.bankofcanada.ca/wp-content/uploads/2010/09/selected_historical_v122521.pdf
1992-12,1992,12,9.5,V122521,https://www.bankofcanada.ca/wp-content/uploads/2010/09/selected_historical_v122521.pdf
1993-01,1993,1,9.5,V122521,https://www.bankofcanada.ca/wp-content/uploads/2010/09/selected_historical_v122521.pdf
1993-02,1993,2,9.5,V122521,https://www.bankofcanada.ca/wp-content/uploads/2010/09/selected_historical_v122521.pdf
1993-03,1993,3,8.95,V122521,https://www.bankofcanada.ca/wp-content/uploads/2010/09/selected_historical_v122521.pdf
1993-04,1993,4,8.95,V122521,https://www.bankofcanada.ca/wp-content/uploads/2010/09/selected_historical_v122521.pdf
1993-05,1993,5,8.95,V122521,https://www.bankofcanada.ca/wp-content/uploads/2010/09/selected_historical_v122521.pdf
1993-06,1993,6,8.95,V122521,https://www.bankofcanada.ca/wp-content/uploads/2010/09/selected_historical_v122521.pdf
1993-07,1993,7,8.75,V122521,https://www.bankofcanada.ca/wp-content/uploads/2010/09/selected_historical_v122521.pdf
1993-08,1993,8,8.75,V122521,https://www.bankofcanada.ca/wp-content/uploads/2010/09/selected_historical_v122521.pdf
1993-09,1993,9,8.75,V122521,https://www.bankofcanada.ca/wp-content/uploads/2010/09/selected_historical_v122521.pdf
1993-10,1993,10,8.75,V122521,https://www.bankofcanada.ca/wp-content/uploads/2010/09/selected_historical_v122521.pdf
1993-11,1993,11,7.75,V122521,https://www.bankofcanada.ca/wp-content/uploads/2010/09/selected_historical_v122521.pdf
1993-12,1993,12,7.75,V122521,https://www.bankofcanada.ca/wp-content/uploads/2010/09/selected_historical_v122521.pdf
1994-01,1994,1,7.25,V122521,https://www.bankofcanada.ca/wp-content/uploads/2010/09/selected_historical_v122521.pdf
1994-02,1994,2,7.25,V122521,https://www.bankofcanada.ca/wp-content/uploads/2010/09/selected_historical_v122521.pdf
1994-03,1994,3,8.95,V122521,https://www.bankofcanada.ca/wp-content/uploads/2010/09/selected_historical_v122521.pdf
1994-04,1994,4,9.5,V122521,https://www.bankofcanada.ca/wp-content/uploads/2010/09/selected_historical_v122521.pdf
1994-05,1994,5,9.5,V122521,https://www.bankofcanada.ca/wp-content/uploads/2010/09/selected_historical_v122521.pdf
1994-06,1994,6,10.75,V122521,https://www.bankofcanada.ca/wp-content/uploads/2010/09/selected_historical_v122521.pdf
1994-07,1994,7,10.75,V122521,https://www.bankofcanada.ca/wp-content/uploads/2010/09/selected_historical_v122521.pdf
1994-08,1994,8,10.25,V122521,https://www.bankofcanada.ca/wp-content/uploads/2010/09/selected_historical_v122521.pdf
1994-09,1994,9,9.9,V122521,https://www.bankofcanada.ca/wp-content/uploads/2010/09/selected_historical_v122521.pdf
1994-10,1994,10,9.9,V122521,https://www.bankofcanada.ca/wp-content/uploads/2010/09/selected_historical_v122521.pdf
1994-11,1994,11,9.9,V122521,https://www.bankofcanada.ca/wp-content/uploads/2010/09/selected_historical_v122521.pdf
1994-12,1994,12,10.5,V122521,https://www.bankofcanada.ca/wp-content/uploads/2010/09/selected_historical_v122521.pdf
1995-01,1995,1,10.75,V122521,https://www.bankofcanada.ca/wp-content/uploads/2010/09/selected_historical_v122521.pdf
1995-02,1995,2,10.38,V122521,https://www.bankofcanada.ca/wp-content/uploads/2010/09/selected_historical_v122521.pdf
1995-03,1995,3,9.88,V122521,https://www.bankofcanada.ca/wp-content/uploads/2010/09/selected_historical_v122521.pdf
1995-04,1995,4,9.38,V122521,https://www.bankofcanada.ca/wp-content/uploads/2010/09/selected_historical_v122521.pdf
1995-05,1995,5,8.88,V122521,https://www.bankofcanada.ca/wp-content/uploads/2010/09/selected_historical_v122521.pdf
1995-06,1995,6,8.63,V122521,https://www.bankofcanada.ca/wp-content/uploads/2010/09/selected_historical_v122521.pdf
1995-07,1995,7,8.5,V122521,https://www.bankofcanada.ca/wp-content/uploads/2010/09/selected_historical_v122521.pdf
1995-08,1995,8,8.95,V122521,https://www.bankofcanada.ca/wp-content/uploads/2010/09/selected_historical_v122521.pdf
1995-09,1995,9,8.95,V122521,https://www.bankofcanada.ca/wp-content/uploads/2010/09/selected_historical_v122521.pdf
1995-10,1995,10,8.7,V122521,https://www.bankofcanada.ca/wp-content/uploads/2010/09/selected_historical_v122521.pdf
1995-11,1995,11,8.45,V122521,https://www.bankofcanada.ca/wp-content/uploads/2010/09/selected_historical_v122521.pdf
1995-12,1995,12,8.45,V122521,https://www.bankofcanada.ca/wp-content/uploads/2010/09/selected_historical_v122521.pdf
1996-01,1996,1,7.8,V122521,https://www.bankofcanada.ca/wp-content/uploads/2010/09/selected_historical_v122521.pdf
1996-02,1996,2,7.8,V122521,https://www.bankofcanada.ca/wp-content/uploads/2010/09/selected_historical_v122521.pdf
1996-03,1996,3,8.5,V122521,https://www.bankofcanada.ca/wp-content/uploads/2010/09/selected_historical_v122521.pdf
1996-04,1996,4,8.5,V122521,https://www.bankofcanada.ca/wp-content/uploads/2010/09/selected_historical_v122521.pdf
1996-05,1996,5,8.5,V122521,https://www.bankofcanada.ca/wp-content/uploads/2010/09/selected_historical_v122521.pdf
1996-06,1996,6,8.5,V122521,https://www.bankofcanada.ca/wp-content/uploads/2010/09/selected_historical_v122521.pdf
1996-07,1996,7,8.5,V122521,https://www.bankofcanada.ca/wp-content/uploads/2010/09/selected_historical_v122521.pdf
1996-08,1996,8,7.95,V122521,https://www.bankofcanada.ca/wp-content/uploads/2010/09/selected_historical_v122521.pdf
1996-09,1996,9,7.95,V122521,https://www.bankofcanada.ca/wp-content/uploads/2010/09/selected_historical_v122521.pdf
1996-10,1996,10,7.2,V122521,https://www.bankofcanada.ca/wp-content/uploads/2010/09/selected_historical_v122521.pdf
1996-11,1996,11,6.95,V122521,https://www.bankofcanada.ca/wp-content/uploads/2010/09/selected_historical_v122521.pdf
1996-12,1996,12,6.95,V122521,https://www.bankofcanada.ca/wp-content/uploads/2010/09/selected_historical_v122521.pdf
1997-01,1997,1,7.25,V122521,https://www.bankofcanada.ca/wp-content/uploads/2010/09/selected_historical_v122521.pdf
1997-02,1997,2,7.0,V122521,https://www.bankofcanada.ca/wp-content/uploads/2010/09/selected_historical_v122521.pdf
1997-03,1997,3,7.3,V122521,https://www.bankofcanada.ca/wp-content/uploads/2010/09/selected_historical_v122521.pdf
1997-04,1997,4,7.65,V122521,https://www.bankofcanada.ca/wp-content/uploads/2010/09/selected_historical_v122521.pdf
1997-05,1997,5,7.35,V122521,https://www.bankofcanada.ca/wp-content/uploads/2010/09/selected_historical_v122521.pdf
1997-06,1997,6,7.0,V122521,https://www.bankofcanada.ca/wp-content/uploads/2010/09/selected_historical_v122521.pdf
1997-07,1997,7,7.0,V122521,https://www.bankofcanada.ca/wp-content/uploads/2010/09/selected_historical_v122521.pdf
1997-08,1997,8,7.0,V122521,https://www.bankofcanada.ca/wp-content/uploads/2010/09/selected_historical_v122521.pdf
1997-09,1997,9,6.85,V122521,https://www.bankofcanada.ca/wp-content/uploads/2010/09/selected_historical_v122521.pdf
1997-10,1997,10,6.7,V122521,https://www.bankofcanada.ca/wp-content/uploads/2010/09/selected_historical_v122521.pdf
1997-11,1997,11,6.7,V122521,https://www.bankofcanada.ca/wp-content/uploads/2010/09/selected_historical_v122521.pdf
1997-12,1997,12,7.05,V122521,https://www.bankofcanada.ca/wp-content/uploads/2010/09/selected_historical_v122521.pdf
1998-01,1998,1,6.85,V122521,https://www.bankofcanada.ca/wp-content/uploads/2010/09/selected_historical_v122521.pdf
1998-02,1998,2,6.85,V122521,https://www.bankofcanada.ca/wp-content/uploads/2010/09/selected_historical_v122521.pdf
1998-03,1998,3,6.85,V122521,https://www.bankofcanada.ca/wp-content/uploads/2010/09/selected_historical_v122521.pdf
1998-04,1998,4,6.95,V122521,https://www.bankofcanada.ca/wp-content/uploads/2010/09/selected_historical_v122521.pdf
1998-05,1998,5,6.95,V122521,https://www.bankofcanada.ca/wp-content/uploads/2010/09/selected_historical_v122521.pdf
1998-06,1998,6,6.95,V122521,https://www.bankofcanada.ca/wp-content/uploads/2010/09/selected_historical_v122521.pdf
1998-07,1998,7,6.95,V122521,https://www.bankofcanada.ca/wp-content/uploads/2010/09/selected_historical_v122521.pdf
1998-08,1998,8,7.15,V122521,https://www.bankofcanada.ca/wp-content/uploads/2010/09/selected_historical_v122521.pdf
1998-09,1998,9,7.15,V122521,https://www.bankofcanada.ca/wp-content/uploads/2010/09/selected_historical_v122521.pdf
1998-10,1998,10,6.75,V122521,https://www.bankofcanada.ca/wp-content/uploads/2010/09/selected_historical_v122521.pdf
1998-11,1998,11,7.15,V122521,https://www.bankofcanada.ca/wp-content/uploads/2010/09/selected_historical_v122521.pdf
1998-12,1998,12,6.6,V122521,https://www.bankofcanada.ca/wp-content/uploads/2010/09/selected_historical_v122521.pdf
1999-01,1999,1,6.9,V122521,https://www.bankofcanada.ca/wp-content/uploads/2010/09/selected_historical_v122521.pdf
1999-02,1999,2,6.9,V122521,https://www.bankofcanada.ca/wp-content/uploads/2010/09/selected_historical_v122521.pdf
1999-03,1999,3,6.95,V122521,https://www.bankofcanada.ca/wp-content/uploads/2010/09/selected_historical_v122521.pdf
1999-04,1999,4,6.95,V122521,https://www.bankofcanada.ca/wp-content/uploads/2010/09/selected_historical_v122521.pdf
1999-05,1999,5,7.3,V122521,https://www.bankofcanada.ca/wp-content/uploads/2010/09/selected_historical_v122521.pdf
1999-06,1999,6,7.7,V122521,https://www.bankofcanada.ca/wp-content/uploads/2010/09/selected_historical_v122521.pdf
1999-07,1999,7,7.75,V122521,https://www.bankofcanada.ca/wp-content/uploads/2010/09/selected_historical_v122521.pdf
1999-08,1999,8,7.8,V122521,https://www.bankofcanada.ca/wp-content/uploads/2010/09/selected_historical_v122521.pdf
1999-09,1999,9,7.7,V122521,https://www.bankofcanada.ca/wp-content/uploads/2010/09/selected_historical_v122521.pdf
1999-10,1999,10,8.25,V122521,https://www.bankofcanada.ca/wp-content/uploads/2010/09/selected_historical_v122521.pdf
1999-11,1999,11,8.25,V122521,https://www.bankofcanada.ca/wp-content/uploads/2010/09/selected_historical_v122521.pdf
1999-12,1999,12,8.25,V122521,https://www.bankofcanada.ca/wp-content/uploads/2010/09/selected_historical_v122521.pdf
2000-01,2000,1,8.55,V122521,https://www.bankofcanada.ca/wp-content/uploads/2010/09/selected_historical_v122521.pdf
2000-02,2000,2,8.55,V122521,https://www.bankofcanada.ca/wp-content/uploads/2010/09/selected_historical_v122521.pdf
2000-03,2000,3,8.35,V122521,https://www.bankofcanada.ca/wp-content/uploads/2010/09/selected_historical_v122521.pdf
2000-04,2000,4,8.35,V122521,https://www.bankofcanada.ca/wp-content/uploads/2010/09/selected_historical_v122521.pdf
2000-05,2000,5,8.75,V122521,https://www.bankofcanada.ca/wp-content/uploads/2010/09/selected_historical_v122521.pdf
2000-06,2000,6,8.45,V122521,https://www.bankofcanada.ca/wp-content/uploads/2010/09/selected_historical_v122521.pdf
2000-07,2000,7,8.25,V122521,https://www.bankofcanada.ca/wp-content/uploads/2010/09/selected_historical_v122521.pdf
2000-08,2000,8,8.25,V122521,https://www.bankofcanada.ca/wp-content/uploads/2010/09/selected_historical_v122521.pdf
2000-09,2000,9,8.25,V122521,https://www.bankofcanada.ca/wp-content/uploads/2010/09/selected_historical_v122521.pdf
2000-10,2000,10,8.25,V122521,https://www.bankofcanada.ca/wp-content/uploads/2010/09/selected_historical_v122521.pdf
2000-11,2000,11,8.25,V122521,https://www.bankofcanada.ca/wp-content/uploads/2010/09/selected_historical_v122521.pdf
2000-12,2000,12,7.95,V122521,https://www.bankofcanada.ca/wp-content/uploads/2010/09/selected_historical_v122521.pdf
2001-01,2001,1,7.75,V122521,https://www.bankofcanada.ca/wp-content/uploads/2010/09/selected_historical_v122521.pdf
2001-02,2001,2,7.75,V122521,https://www.bankofcanada.ca/wp-content/uploads/2010/09/selected_historical_v122521.pdf
2001-03,2001,3,7.25,V122521,https://www.bankofcanada.ca/wp-content/uploads/2010/09/selected_historical_v122521.pdf
2001-04,2001,4,7.5,V122521,https://www.bankofcanada.ca/wp-content/uploads/2010/09/selected_historical_v122521.pdf
2001-05,2001,5,7.75,V122521,https://www.bankofcanada.ca/wp-content/uploads/2010/09/selected_historical_v122521.pdf
2001-06,2001,6,7.75,V122521,https://www.bankofcanada.ca/wp-content/uploads/2010/09/selected_historical_v122521.pdf
2001-07,2001,7,7.75,V122521,https://www.bankofcanada.ca/wp-content/uploads/2010/09/selected_historical_v122521.pdf
2001-08,2001,8,7.6,V122521,https://www.bankofcanada.ca/wp-content/uploads/2010/09/selected_historical_v122521.pdf
2001-09,2001,9,7.15,V122521,https://www.bankofcanada.ca/wp-content/uploads/2010/09/selected_historical_v122521.pdf
2001-10,2001,10,6.9,V122521,https://www.bankofcanada.ca/wp-content/uploads/2010/09/selected_historical_v122521.pdf
2001-11,2001,11,6.85,V122521,https://www.bankofcanada.ca/wp-content/uploads/2010/09/selected_historical_v122521.pdf
2001-12,2001,12,6.85,V122521,https://www.bankofcanada.ca/wp-content/uploads/2010/09/selected_historical_v122521.pdf
2002-01,2002,1,7.0,V122521,https://www.bankofcanada.ca/wp-content/uploads/2010/09/selected_historical_v122521.pdf
2002-02,2002,2,6.85,V122521,https://www.bankofcanada.ca/wp-content/uploads/2010/09/selected_historical_v122521.pdf
2002-03,2002,3,7.3,V122521,https://www.bankofcanada.ca/wp-content/uploads/2010/09/selected_historical_v122521.pdf
2002-04,2002,4,7.45,V122521,https://www.bankofcanada.ca/wp-content/uploads/2010/09/selected_historical_v122521.pdf
2002-05,2002,5,7.4,V122521,https://www.bankofcanada.ca/wp-content/uploads/2010/09/selected_historical_v122521.pdf
2002-06,2002,6,7.25,V122521,https://www.bankofcanada.ca/wp-content/uploads/2010/09/selected_historical_v122521.pdf
2002-07,2002,7,7.05,V122521,https://www.bankofcanada.ca/wp-content/uploads/2010/09/selected_historical_v122521.pdf
2002-08,2002,8,6.8,V122521,https://www.bankofcanada.ca/wp-content/uploads/2010/09/selected_historical_v122521.pdf
2002-09,2002,9,6.7,V122521,https://www.bankofcanada.ca/wp-content/uploads/2010/09/selected_historical_v122521.pdf
2002-10,2002,10,7.0,V122521,https://www.bankofcanada.ca/wp-content/uploads/2010/09/selected_historical_v122521.pdf
2002-11,2002,11,6.7,V122521,https://www.bankofcanada.ca/wp-content/uploads/2010/09/selected_historical_v122521.pdf
2002-12,2002,12,6.7,V122521,https://www.bankofcanada.ca/wp-content/uploads/2010/09/selected_historical_v122521.pdf
2003-01,2003,1,6.45,V122521,https://www.bankofcanada.ca/wp-content/uploads/2010/09/selected_historical_v122521.pdf
2003-02,2003,2,6.6,V122521,https://www.bankofcanada.ca/wp-content/uploads/2010/09/selected_historical_v122521.pdf
2003-03,2003,3,6.85,V122521,https://www.bankofcanada.ca/wp-content/uploads/2010/09/selected_historical_v122521.pdf
2003-04,2003,4,6.65,V122521,https://www.bankofcanada.ca/wp-content/uploads/2010/09/selected_historical_v122521.pdf
2003-05,2003,5,6.15,V122521,https://www.bankofcanada.ca/wp-content/uploads/2010/09/selected_historical_v122521.pdf
2003-06,2003,6,5.8,V122521,https://www.bankofcanada.ca/wp-content/uploads/2010/09/selected_historical_v122521.pdf
2003-07,2003,7,6.2,V122521,https://www.bankofcanada.ca/wp-content/uploads/2010/09/selected_historical_v122521.pdf
2003-08,2003,8,6.35,V122521,https://www.bankofcanada.ca/wp-content/uploads/2010/09/selected_historical_v122521.pdf
2003-09,2003,9,6.3,V122521,https://www.bankofcanada.ca/wp-content/uploads/2010/09/selected_historical_v122521.pdf
2003-10,2003,10,6.4,V122521,https://www.bankofcanada.ca/wp-content/uploads/2010/09/selected_historical_v122521.pdf
2003-11,2003,11,6.5,V122521,https://www.bankofcanada.ca/wp-content/uploads/2010/09/selected_historical_v122521.pdf
2003-12,2003,12,6.45,V122521,https://www.bankofcanada.ca/wp-content/uploads/2010/09/selected_historical_v122521.pdf
2004-01,2004,1,6.05,V122521,https://www.bankofcanada.ca/wp-content/uploads/2010/09/selected_historical_v122521.pdf
2004-02,2004,2,5.8,V122521,https://www.bankofcanada.ca/wp-content/uploads/2010/09/selected_historical_v122521.pdf
2004-03,2004,3,5.7,V122521,https://www.bankofcanada.ca/wp-content/uploads/2010/09/selected_historical_v122521.pdf
2004-04,2004,4,6.15,V122521,https://www.bankofcanada.ca/wp-content/uploads/2010/09/selected_historical_v122521.pdf
2004-05,2004,5,6.5,V122521,https://www.bankofcanada.ca/wp-content/uploads/2010/09/selected_historical_v122521.pdf
2004-06,2004,6,6.7,V122521,https://www.bankofcanada.ca/wp-content/uploads/2010/09/selected_historical_v122521.pdf
2004-07,2004,7,6.55,V122521,https://www.bankofcanada.ca/wp-content/uploads/2010/09/selected_historical_v122521.pdf
2004-08,2004,8,6.3,V122521,https://www.bankofcanada.ca/wp-content/uploads/2010/09/selected_historical_v122521.pdf
2004-09,2004,9,6.3,V122521,https://www.bankofcanada.ca/wp-content/uploads/2010/09/selected_historical_v122521.pdf
2004-10,2004,10,6.4,V122521,https://www.bankofcanada.ca/wp-content/uploads/2010/09/selected_historical_v122521.pdf
2004-11,2004,11,6.3,V122521,https://www.bankofcanada.ca/wp-content/uploads/2010/09/selected_historical_v122521.pdf
2004-12,2004,12,6.05,V122521,https://www.bankofcanada.ca/wp-content/uploads/2010/09/selected_historical_v122521.pdf
2005-01,2005,1,6.05,V122521,https://www.bankofcanada.ca/wp-content/uploads/2010/09/selected_historical_v122521.pdf
2005-02,2005,2,6.05,V122521,https://www.bankofcanada.ca/wp-content/uploads/2010/09/selected_historical_v122521.pdf
2005-03,2005,3,6.25,V122521,https://www.bankofcanada.ca/wp-content/uploads/2010/09/selected_historical_v122521.pdf
2005-04,2005,4,6.05,V122521,https://www.bankofcanada.ca/wp-content/uploads/2010/09/selected_historical_v122521.pdf
2005-05,2005,5,5.95,V122521,https://www.bankofcanada.ca/wp-content/uploads/2010/09/selected_historical_v122521.pdf
2005-06,2005,6,5.7,V122521,https://www.bankofcanada.ca/wp-content/uploads/2010/09/selected_historical_v122521.pdf
2005-07,2005,7,5.8,V122521,https://www.bankofcanada.ca/wp-content/uploads/2010/09/selected_historical_v122521.pdf
2005-08,2005,8,5.8,V122521,https://www.bankofcanada.ca/wp-content/uploads/2010/09/selected_historical_v122521.pdf
2005-09,2005,9,5.8,V122521,https://www.bankofcanada.ca/wp-content/uploads/2010/09/selected_historical_v122521.pdf
2005-10,2005,10,6.0,V122521,https://www.bankofcanada.ca/wp-content/uploads/2010/09/selected_historical_v122521.pdf
2005-11,2005,11,6.15,V122521,https://www.bankofcanada.ca/wp-content/uploads/2010/09/selected_historical_v122521.pdf
2005-12,2005,12,6.3,V122521,https://www.bankofcanada.ca/wp-content/uploads/2010/09/selected_historical_v122521.pdf
2006-01,2006,1,6.3,V122521,https://www.bankofcanada.ca/wp-content/uploads/2010/09/selected_historical_v122521.pdf
2006-02,2006,2,6.45,V122521,https://www.bankofcanada.ca/wp-content/uploads/2010/09/selected_historical_v122521.pdf
2006-03,2006,3,6.45,V122521,https://www.bankofcanada.ca/wp-content/uploads/2010/09/selected_historical_v122521.pdf
2006-04,2006,4,6.75,V122521,https://www.bankofcanada.ca/wp-content/uploads/2010/09/selected_historical_v122521.pdf
2006-05,2006,5,6.75,V122521,https://www.bankofcanada.ca/wp-content/uploads/2010/09/selected_historical_v122521.pdf
2006-06,2006,6,6.95,V122521,https://www.bankofcanada.ca/wp-content/uploads/2010/09/selected_historical_v122521.pdf
2006-07,2006,7,6.95,V122521,https://www.bankofcanada.ca/wp-content/uploads/2010/09/selected_historical_v122521.pdf
2006-08,2006,8,6.85,V122521,https://www.bankofcanada.ca/wp-content/uploads/2010/09/selected_historical_v122521.pdf
2006-09,2006,9,6.7,V122521,https://www.bankofcanada.ca/wp-content/uploads/2010/09/selected_historical_v122521.pdf
2006-10,2006,10,6.8,V122521,https://www.bankofcanada.ca/wp-content/uploads/2010/09/selected_historical_v122521.pdf
2006-11,2006,11,6.55,V122521,https://www.bankofcanada.ca/wp-content/uploads/2010/09/selected_historical_v122521.pdf
2006-12,2006,12,6.45,V122521,https://www.bankofcanada.ca/wp-content/uploads/2010/09/selected_historical_v122521.pdf
2007-01,2007,1,6.65,V122521,https://www.bankofcanada.ca/wp-content/uploads/2010/09/selected_historical_v122521.pdf
2007-02,2007,2,6.65,V122521,https://www.bankofcanada.ca/wp-content/uploads/2010/09/selected_historical_v122521.pdf
2007-03,2007,3,6.49,V122521,https://www.bankofcanada.ca/wp-content/uploads/2010/09/selected_historical_v122521.pdf
2007-04,2007,4,6.64,V122521,https://www.bankofcanada.ca/wp-content/uploads/2010/09/selected_historical_v122521.pdf
2007-05,2007,5,7.14,V122521,https://www.bankofcanada.ca/wp-content/uploads/2010/09/selected_historical_v122521.pdf
2007-06,2007,6,7.24,V122521,https://www.bankofcanada.ca/wp-content/uploads/2010/09/selected_historical_v122521.pdf
2007-07,2007,7,7.24,V122521,https://www.bankofcanada.ca/wp-content/uploads/2010/09/selected_historical_v122521.pdf
2007-08,2007,8,7.24,V122521,https://www.bankofcanada.ca/wp-content/uploads/2010/09/selected_historical_v122521.pdf
2007-09,2007,9,7.19,V122521,https://www.bankofcanada.ca/wp-content/uploads/2010/09/selected_historical_v122521.pdf
2007-10,2007,10,7.44,V122521,https://www.bankofcanada.ca/wp-content/uploads/2010/09/selected_historical_v122521.pdf
2007-11,2007,11,7.39,V122521,https://www.bankofcanada.ca/wp-content/uploads/2010/09/selected_historical_v122521.pdf
2007-12,2007,12,7.54,V122521,https://www.bankofcanada.ca/wp-content/uploads/2010/09/selected_historical_v122521.pdf
2008-01,2008,1,7.39,V122521,https://www.bankofcanada.ca/wp-content/uploads/2010/09/selected_historical_v122521.pdf
2008-02,2008,2,7.29,V122521,https://www.bankofcanada.ca/wp-content/uploads/2010/09/selected_historical_v122521.pdf
2008-03,2008,3,7.19,V122521,https://www.bankofcanada.ca/wp-content/uploads/2010/09/selected_historical_v122521.pdf
2008-04,2008,4,6.99,V122521,https://www.bankofcanada.ca/wp-content/uploads/2010/09/selected_historical_v122521.pdf
2008-05,2008,5,6.65,V122521,https://www.bankofcanada.ca/wp-content/uploads/2010/09/selected_historical_v122521.pdf
2008-06,2008,6,7.15,V122521,https://www.bankofcanada.ca/wp-content/uploads/2010/09/selected_historical_v122521.pdf
2008-07,2008,7,7.15,V122521,https://www.bankofcanada.ca/wp-content/uploads/2010/09/selected_historical_v122521.pdf
2008-08,2008,8,6.85,V122521,https://www.bankofcanada.ca/wp-content/uploads/2010/09/selected_historical_v122521.pdf
2008-09,2008,9,6.85,V122521,https://www.bankofcanada.ca/wp-content/uploads/2010/09/selected_historical_v122521.pdf
2008-10,2008,10,7.2,V122521,https://www.bankofcanada.ca/wp-content/uploads/2010/09/selected_historical_v122521.pdf
2008-11,2008,11,7.2,V122521,https://www.bankofcanada.ca/wp-content/uploads/2010/09/selected_historical_v122521.pdf
2008-12,2008,12,6.75,V122521,https://www.bankofcanada.ca/wp-content/uploads/2010/09/selected_historical_v122521.pdf
2009-01,2009,1,5.79,V122521,https://www.bankofcanada.ca/wp-content/uploads/2010/09/selected_historical_v122521.pdf
2009-02,2009,2,5.79,V122521,https://www.bankofcanada.ca/wp-content/uploads/2010/09/selected_historical_v122521.pdf
2009-03,2009,3,5.55,V122521,https://www.bankofcanada.ca/wp-content/uploads/2010/09/selected_historical_v122521.pdf
2009-04,2009,4,5.25,V122521,https://www.bankofcanada.ca/wp-content/uploads/2010/09/selected_historical_v122521.pdf
2009-05,2009,5,5.25,V122521,https://www.bankofcanada.ca/wp-content/uploads/2010/09/selected_historical_v122521.pdf
2009-06,2009,6,5.85,V122521,https://www.bankofcanada.ca/wp-content/uploads/2010/09/selected_historical_v122521.pdf
2009-07,2009,7,5.85,V122521,https://www.bankofcanada.ca/wp-content/uploads/2010/09/selected_historical_v122521.pdf
2009-08,2009,8,5.85,V122521,https://www.bankofcanada.ca/wp-content/uploads/2010/09/selected_historical_v122521.pdf
2009-09,2009,9,5.49,V122521,https://www.bankofcanada.ca/wp-content/uploads/2010/09/selected_historical_v122521.pdf
2009-10,2009,10,5.84,V122521,https://www.bankofcanada.ca/wp-content/uploads/2010/09/selected_historical_v122521.pdf
2009-11,2009,11,5.59,V122521,https://www.bankofcanada.ca/wp-content/uploads/2010/09/selected_historical_v122521.pdf
2009-12,2009,12,5.49,V122521,https://www.bankofcanada.ca/wp-content/uploads/2010/09/selected_historical_v122521.pdf
2010-01,2010,1,5.49,V122521,https://www.bankofcanada.ca/wp-content/uploads/2010/09/selected_historical_v122521.pdf
2010-02,2010,2,5.39,V122521,https://www.bankofcanada.ca/wp-content/uploads/2010/09/selected_historical_v122521.pdf
2010-03,2010,3,5.85,V122521,https://www.bankofcanada.ca/wp-content/uploads/2010/09/selected_historical_v122521.pdf
2010-04,2010,4,6.25,V122521,https://www.bankofcanada.ca/wp-content/uploads/2010/09/selected_historical_v122521.pdf
2010-05,2010,5,5.99,V122521,https://www.bankofcanada.ca/wp-content/uploads/2010/09/selected_historical_v122521.pdf
2010-06,2010,6,5.89,V122521,https://www.bankofcanada.ca/wp-content/uploads/2010/09/selected_historical_v122521.pdf
2010-07,2010,7,5.79,V122521,https://www.bankofcanada.ca/wp-content/uploads/2010/09/selected_historical_v122521.pdf
2010-08,2010,8,5.39,V122521,https://www.bankofcanada.ca/wp-content/uploads/2010/09/selected_historical_v122521.pdf
2010-09,2010,9,5.39,V122521,https://www.bankofcanada.ca/wp-content/uploads/2010/09/selected_historical_v122521.pdf
2010-10,2010,10,5.29,V122521,https://www.bankofcanada.ca/wp-content/uploads/2010/09/selected_historical_v122521.pdf
2010-11,2010,11,5.44,V122521,https://www.bankofcanada.ca/wp-content/uploads/2010/09/selected_historical_v122521.pdf
2010-12,2010,12,5.19,V122521,https://www.bankofcanada.ca/wp-content/uploads/2010/09/selected_historical_v122521.pdf
